{"cameraMode":{"drawMode":0,"name":"Shaded","section":"Shading Mode"},"sceneLighting":false,"audioPlay":false,"sceneViewState":{"showFog":true,"showMaterialUpdate":false,"showSkybox":true,"showFlares":true,"showImageEffects":true,"showParticleSystems":true},"in2DMode":false,"pivot":{"x":0.7145236134529114,"y":1.4448784589767457,"z":1.003437876701355},"rotation":{"x":-0.13923484086990357,"y":0.7920429110527039,"z":-0.19660764932632447,"w":-0.5609164237976074},"size":-0.12852710485458375,"orthographic":false}