{"cameraMode":{"drawMode":0,"name":"Shaded","section":"Shading Mode"},"sceneLighting":false,"audioPlay":false,"sceneViewState":{"showFog":true,"showMaterialUpdate":false,"showSkybox":true,"showFlares":true,"showImageEffects":true,"showParticleSystems":true},"in2DMode":false,"pivot":{"x":279.18267822265627,"y":208.44163513183595,"z":0.3024712800979614},"rotation":{"x":0.29968246817588808,"y":-0.028312738984823228,"z":0.00895350705832243,"w":0.9535768032073975},"size":1151.6728515625,"orthographic":true}