{"cameraMode":{"drawMode":0,"name":"Shaded","section":"Shading Mode"},"sceneLighting":true,"audioPlay":false,"sceneViewState":{"showFog":true,"showMaterialUpdate":false,"showSkybox":true,"showFlares":true,"showImageEffects":true,"showParticleSystems":true},"in2DMode":false,"pivot":{"x":-20.110733032226564,"y":0.9987784028053284,"z":20.051130294799806},"rotation":{"x":0.17302849888801576,"y":-0.03218747675418854,"z":0.005729264114052057,"w":0.9843740463256836},"size":1.421912431716919,"orthographic":true}