{"cameraMode":{"drawMode":0,"name":"Shaded","section":"Shading Mode"},"sceneLighting":true,"audioPlay":false,"sceneViewState":{"showFog":true,"showMaterialUpdate":false,"showSkybox":true,"showFlares":true,"showImageEffects":true,"showParticleSystems":true},"in2DMode":false,"pivot":{"x":0.0,"y":-3.239999771118164,"z":20.400009155273439},"rotation":{"x":-0.17903368175029756,"y":-0.34002918004989626,"z":0.06602407991886139,"w":-0.9208517670631409},"size":14.448143005371094,"orthographic":true}