{"cameraMode":{"drawMode":0,"name":"Shaded","section":"Shading Mode"},"sceneLighting":true,"audioPlay":false,"sceneViewState":{"showFog":true,"showMaterialUpdate":false,"showSkybox":true,"showFlares":true,"showImageEffects":true,"showParticleSystems":true},"in2DMode":false,"pivot":{"x":308.66796875,"y":204.99981689453126,"z":497.154296875},"rotation":{"x":0.14710460603237153,"y":-0.6834502816200256,"z":0.14352993667125703,"w":0.7004677653312683},"size":9.293767929077149,"orthographic":true}