{"cameraMode":{"drawMode":0,"name":"Shaded","section":"Shading Mode"},"sceneLighting":true,"audioPlay":false,"sceneViewState":{"showFog":true,"showMaterialUpdate":false,"showSkybox":true,"showFlares":true,"showImageEffects":true,"showParticleSystems":true},"in2DMode":false,"pivot":{"x":-164.9337921142578,"y":38.408180236816409,"z":511.46990966796877},"rotation":{"x":-0.0060333386063575748,"y":-0.9845637679100037,"z":0.17153802514076234,"w":-0.0342416875064373},"size":23.334524154663087,"orthographic":true}