{"cameraMode":{"drawMode":0,"name":"Shaded","section":"Shading Mode"},"sceneLighting":true,"audioPlay":false,"sceneViewState":{"showFog":true,"showMaterialUpdate":false,"showSkybox":true,"showFlares":true,"showImageEffects":true,"showParticleSystems":true},"in2DMode":false,"pivot":{"x":3.4976465702056886,"y":1.2314894199371338,"z":2.5327200889587404},"rotation":{"x":-0.07033845782279968,"y":-0.6996353268623352,"z":0.06943325698375702,"w":-0.7076311707496643},"size":5.421944618225098,"orthographic":true}