{"cameraMode":{"drawMode":0,"name":"Shaded","section":"Shading Mode"},"sceneLighting":true,"audioPlay":false,"sceneViewState":{"showFog":true,"showMaterialUpdate":false,"showSkybox":true,"showFlares":true,"showImageEffects":true,"showParticleSystems":true},"in2DMode":false,"pivot":{"x":-172.05569458007813,"y":41.071388244628909,"z":424.75030517578127},"rotation":{"x":-0.38455918431282046,"y":-0.1308518350124359,"z":0.05517125502228737,"w":-0.9121119976043701},"size":113.53592681884766,"orthographic":true}