{"cameraMode":{"drawMode":0,"name":"Shaded","section":"Shading Mode"},"sceneLighting":true,"audioPlay":false,"sceneViewState":{"showFog":true,"showMaterialUpdate":false,"showSkybox":true,"showFlares":true,"showImageEffects":true,"showParticleSystems":true},"in2DMode":false,"pivot":{"x":-65.3812026977539,"y":26.172285079956056,"z":364.4979248046875},"rotation":{"x":-0.17466233670711518,"y":0.17645706236362458,"z":-0.03190627694129944,"w":-0.9681622385978699},"size":46.480037689208987,"orthographic":true}