{"cameraMode":{"drawMode":0,"name":"Shaded","section":"Shading Mode"},"sceneLighting":false,"audioPlay":false,"sceneViewState":{"showFog":true,"showMaterialUpdate":false,"showSkybox":true,"showFlares":true,"showImageEffects":true,"showParticleSystems":true},"in2DMode":false,"pivot":{"x":1.394508719444275,"y":1.2520935535430909,"z":10.130666732788086},"rotation":{"x":-0.09873957186937332,"y":-0.5460948944091797,"z":0.0650162473320961,"w":-0.829339325428009},"size":4.2635722160339359,"orthographic":true}