{"cameraMode":{"drawMode":0,"name":"Shaded","section":"Shading Mode"},"sceneLighting":true,"audioPlay":false,"sceneViewState":{"showFog":true,"showMaterialUpdate":false,"showSkybox":true,"showFlares":true,"showImageEffects":true,"showParticleSystems":true},"in2DMode":false,"pivot":{"x":-0.9957927465438843,"y":0.5632717609405518,"z":4.538935661315918},"rotation":{"x":-0.051538415253162387,"y":-0.1879182904958725,"z":0.009874120354652405,"w":-0.9807818531990051},"size":3.9066481590270998,"orthographic":true}