{"cameraMode":{"drawMode":0,"name":"Shaded","section":"Shading Mode"},"sceneLighting":true,"audioPlay":false,"sceneViewState":{"showFog":true,"showMaterialUpdate":false,"showSkybox":true,"showFlares":true,"showImageEffects":true,"showParticleSystems":true},"in2DMode":false,"pivot":{"x":-0.35244759917259219,"y":3.446528434753418,"z":-11.481513023376465},"rotation":{"x":0.02179121784865856,"y":0.9489007592201233,"z":-0.06698446720838547,"w":0.30761265754699709},"size":12.327752113342286,"orthographic":true}