{"cameraMode":{"drawMode":0,"name":"Shaded","section":"Shading Mode"},"sceneLighting":true,"audioPlay":false,"sceneViewState":{"showFog":true,"showMaterialUpdate":false,"showSkybox":true,"showFlares":true,"showImageEffects":true,"showParticleSystems":true},"in2DMode":false,"pivot":{"x":-20.95895004272461,"y":1.6359446048736573,"z":17.26658821105957},"rotation":{"x":-0.1459398716688156,"y":0.08358542621135712,"z":-0.012447712011635304,"w":-0.9856774806976318},"size":6.292540073394775,"orthographic":true}